keyword,cpc,search_volume,competition,score
email marketing,1.7400,27100,low,0.4350
emailing marketing,1.7400,27100,low,0.4350
marketing emails,1.4400,22200,low,0.3600
email templates,0.9100,9900,low,0.2275
what is email advertising,0.4900,6600,low,0.1225
what is email marketing,0.4900,6600,low,0.1225
email marketing tools,2.4300,5400,low,0.6075
images of email,0.0000,3600,low,0.0000
email images,0.0000,3600,low,0.0000
image for email,0.0000,3600,low,0.0000
e mail marketing meaning,0.2200,1900,low,0.0550
email marketing examples,1.0200,1900,low,0.2550
email advertising examples,1.0200,1900,low,0.2550
email marketing example,1.0000,1900,low,0.2500
email marketing sample,1.0200,1900,low,0.2550
examples of email marketing,1.0200,1900,low,0.2550
marketing email examples,1.0200,1900,low,0.2550
email marketing meaning,0.2200,1900,low,0.0550
marketing email sample,1.0200,1900,low,0.2550
marketing email templates,1.0500,1900,low,0.2625
email templates for marketing,1.0500,1900,low,0.2625
email promotion template,1.0500,1900,low,0.2625
email marketing template,1.6400,1900,low,0.4100
marketing email template,1.0500,1900,low,0.2625
email marketing templates,1.0500,1900,low,0.2625
email campaign,2.6900,1600,low,0.6725
email campaigns,2.6900,1600,low,0.6725
jobs for email marketing,0.0700,1600,low,0.0175
marketing email jobs,0.0700,1600,low,0.0175
email advertising jobs,0.0700,1600,low,0.0175
email marketing careers,0.0700,1600,low,0.0175
careers in email marketing,0.0700,1600,low,0.0175
email marketing tools free,1.6600,1600,low,0.4150
free email marketing tools,1.6600,1600,low,0.4150
free mailer,2.3700,1600,low,0.5925
email marketing positions,0.0700,1600,low,0.0175
jobs in email marketing,0.0700,1600,low,0.0175
email marketing job,0.0700,1600,low,0.0175
emailing campaign,2.6900,1600,low,0.6725
email marketing jobs,0.0700,1600,low,0.0175
email marketing platform,2.0200,1300,low,0.5050
email marketing platforms,2.0200,1300,low,0.5050
email marketing software,2.3600,1300,low,0.5900
e mail marketing course,1.2500,1000,low,0.3125
email marketing definition,0.2500,1000,low,0.0625
free email marketing tool,2.7600,1000,low,0.6900
courses on email marketing,1.2500,1000,low,0.3125
email-marketing course,1.2500,1000,low,0.3125
email marketing free tools,2.7600,1000,low,0.6900
email marketing class,1.2500,1000,low,0.3125
email marketing in digital marketing,1.0000,1000,low,0.2500
email marketing course,1.2500,1000,low,0.3125
free tools for email marketing,2.7600,1000,low,0.6900
best email marketing tools,3.3200,1000,low,0.8300
email marketing strategies,1.4100,880,low,0.3525
marketing email strategy,1.4100,880,low,0.3525
how to do email marketing,0.9200,720,low,0.2300
email marketing pics,0.0000,720,low,0.0000
email marketing images,0.0000,720,low,0.0000
email marketing pictures,0.0000,720,low,0.0000
email campaign marketing,3.5100,720,low,0.8775
marketing email campaign,3.5100,720,low,0.8775
images of email marketing,0.0000,720,low,0.0000
email marketing campaign,2.0300,720,low,0.5075
email marketing picture,0.0000,720,low,0.0000
images for email marketing,0.0000,720,low,0.0000
email marketing pic,0.0000,720,low,0.0000
email marketing campaigns,3.5100,720,low,0.8775
images in email marketing,0.0000,720,low,0.0000
questions on email,0.0000,590,low,0.0000
email advertising,1.3100,590,low,0.3275
email questions,0.0000,590,low,0.0000
email marketing kya hai,0.2100,590,low,0.0525
what is email marketing in digital marketing,0.3700,590,low,0.0925
questions about email,0.0000,590,low,0.0000
email campaign software,3.2900,480,low,0.8225
strategy for email marketing,0.6000,480,low,0.1500
strategies for email marketing,0.6000,480,low,0.1500
mailing marketing strategies,0.6000,480,low,0.1500
email marketing approach,0.6000,480,low,0.1500
email blast strategy,0.6000,480,low,0.1500
email blast marketing strategies,0.6000,480,low,0.1500
email marketing strategy,0.6000,480,low,0.1500
questions for email,0.0000,480,low,0.0000
free email templates,0.9400,480,low,0.2350
e-mail marketing strategies,0.6000,480,low,0.1500
email campaign tools,3.4700,390,low,0.8675
email campaign tool,3.4700,390,low,0.8675
emailing software,3.0000,390,low,0.7500
interview questions for email marketing,0.0400,390,low,0.0100
email marketing questions interview,0.0400,390,low,0.0100
email marketing interview questions,0.0400,390,low,0.0100
email marketing in hindi,0.0000,320,low,0.0000
email campaign templates,1.3400,320,low,0.3350
e mail marketing in hindi,0.0000,320,low,0.0000
free email marketing courses,0.2100,320,low,0.0525
email marketing free course,0.2100,320,low,0.0525
email tools,2.2800,320,low,0.5700
free email marketing,1.5600,320,low,0.3900
email marketing courses free,0.5800,260,low,0.1450
email marketing course free,0.5800,260,low,0.1450
ईमेल मार्केटिंग क्या है,0.4300,260,low,0.1075
free email marketing template,1.6400,260,low,0.4100
best email marketing software,3.1100,260,low,0.7775
email marketing jobs work from home,0.0000,260,low,0.0000
work home jobs email marketing,0.0000,260,low,0.0000
free email marketing course,0.5800,260,low,0.1450
email marketing software free,1.3800,210,low,0.3450
what is email campaign,0.0000,210,low,0.0000
free email marketing software,1.3800,210,low,0.3450
email campaign meaning,12.5100,210,medium,3.1275
what is an email campaign,0.0000,210,low,0.0000
best email examples,2.5700,210,low,0.6425
email campaign examples,1.1800,210,low,0.2950
email campaigns examples,1.1800,210,low,0.2950
campaign email examples,1.1800,210,low,0.2950
email questions and answers,0.0000,170,low,0.0000
email process interview questions,0.0000,140,low,0.0000
